{
	"ambientocclusion": false,
	"textures": {
		"4": "charm:block/cooking_pot_inner_side",
		"particle": "charm:block/cooking_pot_side",
		"side": "charm:block/cooking_pot_side",
		"inside": "charm:block/cooking_pot_inner",
		"content": "block/water_still"
	},
	"elements": [
		{
			"from": [0, 3, 0],
			"to": [2, 16, 16],
			"faces": {
				"north": {"uv": [14, 0, 16, 13], "texture": "#side", "cullface": "north"},
				"east": {"uv": [0, 0, 16, 13], "texture": "#4", "cullface": "up"},
				"south": {"uv": [0, 0, 2, 13], "texture": "#side", "cullface": "south"},
				"west": {"uv": [0, 0, 16, 13], "texture": "#side", "cullface": "west"},
				"up": {"uv": [0, 0, 16, 2], "rotation": 90, "texture": "#side", "cullface": "up"},
				"down": {"uv": [0, 0, 2, 16], "texture": "#inside"}
			}
		},
		{
			"from": [2, 3, 2],
			"to": [14, 4, 14],
			"faces": {
				"up": {"uv": [2, 3, 14, 15], "texture": "#inside", "cullface": "up"},
				"down": {"uv": [2, 3, 14, 15], "texture": "#inside"}
			}
		},
		{
			"from": [14, 3, 0],
			"to": [16, 16, 16],
			"faces": {
				"north": {"uv": [0, 0, 2, 13], "texture": "#side", "cullface": "north"},
				"east": {"uv": [0, 0, 16, 13], "texture": "#side", "cullface": "east"},
				"south": {"uv": [14, 0, 16, 13], "texture": "#side", "cullface": "south"},
				"west": {"uv": [0, 0, 16, 13], "texture": "#4", "cullface": "up"},
				"up": {"uv": [0, 0, 16, 2], "rotation": 90, "texture": "#side", "cullface": "up"},
				"down": {"uv": [14, 0, 16, 16], "texture": "#inside"}
			}
		},
		{
			"from": [2, 3, 0],
			"to": [14, 16, 2],
			"faces": {
				"north": {"uv": [2, 0, 14, 13], "texture": "#side", "cullface": "north"},
				"south": {"uv": [2, 0, 14, 13], "texture": "#4", "cullface": "up"},
				"up": {"uv": [2, 4, 14, 6], "rotation": 180, "texture": "#side", "cullface": "up"},
				"down": {"uv": [2, 14, 14, 16], "texture": "#inside"}
			}
		},
		{
			"from": [2, 3, 14],
			"to": [14, 16, 16],
			"faces": {
				"north": {"uv": [2, 0, 14, 13], "texture": "#4", "cullface": "up"},
				"south": {"uv": [2, 0, 14, 13], "texture": "#side", "cullface": "south"},
				"up": {"uv": [2, 5, 14, 7], "texture": "#side", "cullface": "up"},
				"down": {"uv": [2, 1, 14, 3], "texture": "#inside"}
			}
		},
		{
			"from": [0, 0, 0],
			"to": [4, 3, 2],
			"faces": {
				"north": {"uv": [12, 13, 16, 16], "texture": "#side", "cullface": "north"},
				"east": {"uv": [14, 13, 16, 16], "texture": "#side"},
				"south": {"uv": [0, 13, 4, 16], "texture": "#side"},
				"west": {"uv": [0, 13, 2, 16], "texture": "#side", "cullface": "west"},
				"down": {"uv": [10, 1, 14, 3], "texture": "#inside", "cullface": "down"}
			}
		},
		{
			"from": [0, 0, 2],
			"to": [2, 3, 4],
			"faces": {
				"east": {"uv": [12, 13, 14, 16], "texture": "#side"},
				"south": {"uv": [0, 13, 2, 16], "texture": "#side"},
				"west": {"uv": [2, 13, 4, 16], "texture": "#side", "cullface": "west"},
				"down": {"uv": [11, 2, 13, 4], "texture": "#inside", "cullface": "down"}
			}
		},
		{
			"from": [12, 0, 0],
			"to": [16, 3, 2],
			"faces": {
				"north": {"uv": [0, 13, 4, 16], "texture": "#side", "cullface": "north"},
				"east": {"uv": [14, 13, 16, 16], "texture": "#side", "cullface": "east"},
				"south": {"uv": [12, 13, 16, 16], "texture": "#side"},
				"west": {"uv": [0, 13, 2, 16], "texture": "#side"},
				"down": {"uv": [3, 2, 7, 4], "texture": "#inside", "cullface": "down"}
			}
		},
		{
			"from": [14, 0, 2],
			"to": [16, 3, 4],
			"faces": {
				"east": {"uv": [12, 13, 14, 16], "texture": "#side", "cullface": "east"},
				"south": {"uv": [14, 13, 16, 16], "texture": "#side"},
				"west": {"uv": [2, 13, 4, 16], "texture": "#side"},
				"down": {"uv": [2, 4, 4, 6], "texture": "#inside", "cullface": "down"}
			}
		},
		{
			"from": [0, 0, 14],
			"to": [4, 3, 16],
			"faces": {
				"north": {"uv": [12, 13, 16, 16], "texture": "#side"},
				"east": {"uv": [0, 13, 2, 16], "texture": "#side"},
				"south": {"uv": [0, 13, 4, 16], "texture": "#side", "cullface": "south"},
				"west": {"uv": [14, 13, 16, 16], "texture": "#side", "cullface": "west"},
				"down": {"uv": [12, 12, 16, 14], "texture": "#inside", "cullface": "down"}
			}
		},
		{
			"from": [0, 0, 12],
			"to": [2, 3, 14],
			"faces": {
				"north": {"uv": [14, 13, 16, 16], "texture": "#side"},
				"east": {"uv": [2, 13, 4, 16], "texture": "#side"},
				"west": {"uv": [12, 13, 14, 16], "texture": "#side", "cullface": "west"},
				"down": {"uv": [13, 10, 15, 12], "texture": "#inside", "cullface": "down"}
			}
		},
		{
			"from": [12, 0, 14],
			"to": [16, 3, 16],
			"faces": {
				"north": {"uv": [0, 13, 4, 16], "texture": "#side"},
				"east": {"uv": [0, 13, 2, 16], "texture": "#side", "cullface": "east"},
				"south": {"uv": [12, 13, 16, 16], "texture": "#side", "cullface": "south"},
				"west": {"uv": [14, 13, 16, 16], "texture": "#side"},
				"down": {"uv": [2, 13, 6, 15], "texture": "#inside", "cullface": "down"}
			}
		},
		{
			"from": [14, 0, 12],
			"to": [16, 3, 14],
			"faces": {
				"north": {"uv": [0, 13, 2, 16], "texture": "#side"},
				"east": {"uv": [2, 13, 4, 16], "texture": "#side", "cullface": "east"},
				"west": {"uv": [12, 13, 14, 16], "texture": "#side"},
				"down": {"uv": [2, 13, 4, 15], "texture": "#inside", "cullface": "down"}
			}
		},
		{
			"from": [2, 4, 2],
			"to": [14, 15, 14],
			"faces": {
				"up": {"uv": [2, 2, 14, 14], "texture": "#content", "cullface": "up", "tintindex": 1}
			}
		}
	]
}