{
    "parent": "block/block",
    "textures": {
        "0": "charm:block/lantern/copper_1",
        "1": "charm:block/lantern/copper_2",
        "2": "charm:block/lantern/light",
        "particle": "charm:block/lantern/copper_1"
    },
    "elements": [
        {
            "name": "light",
            "from": [
                5.5,
                6,
                5.5
            ],
            "to": [
                10.5,
                13,
                10.5
            ],
            "rotation": {
                "angle": 0,
                "axis": "y",
                "origin": [
                    15,
                    14,
                    13
                ]
            },
            "faces": {
                "north": {
                    "uv": [
                        0,
                        0,
                        5,
                        7
                    ],
                    "texture": "#2",
                    "tintindex": 0
                },
                "east": {
                    "uv": [
                        0,
                        0,
                        5,
                        7
                    ],
                    "texture": "#2",
                    "tintindex": 0
                },
                "south": {
                    "uv": [
                        0,
                        0,
                        5,
                        7
                    ],
                    "texture": "#2",
                    "tintindex": 0
                },
                "west": {
                    "uv": [
                        0,
                        0,
                        5,
                        7
                    ],
                    "texture": "#2",
                    "tintindex": 0
                },
                "up": {
                    "uv": [
                        0,
                        0,
                        0,
                        0
                    ],
                    "texture": "#2"
                },
                "down": {
                    "uv": [
                        0,
                        0,
                        0,
                        0
                    ],
                    "texture": "#2"
                }
            }
        },
        {
            "name": "horizontal",
            "from": [
                6,
                15,
                6
            ],
            "to": [
                10,
                16,
                10
            ],
            "rotation": {
                "angle": 0,
                "axis": "y",
                "origin": [
                    16,
                    16,
                    15
                ]
            },
            "faces": {
                "north": {
                    "uv": [
                        9,
                        9,
                        13,
                        10
                    ],
                    "rotation": 180,
                    "texture": "#1"
                },
                "east": {
                    "uv": [
                        13,
                        8,
                        14,
                        12
                    ],
                    "rotation": 90,
                    "texture": "#1"
                },
                "south": {
                    "uv": [
                        8,
                        13,
                        12,
                        14
                    ],
                    "texture": "#1"
                },
                "west": {
                    "uv": [
                        9,
                        8,
                        10,
                        12
                    ],
                    "rotation": 270,
                    "texture": "#1"
                },
                "up": {
                    "uv": [
                        9,
                        9,
                        13,
                        13
                    ],
                    "texture": "#1"
                },
                "down": {
                    "uv": [
                        0,
                        0,
                        4,
                        4
                    ],
                    "texture": "#1"
                }
            }
        },
        {
            "name": "horizontal",
            "from": [
                5,
                14,
                5
            ],
            "to": [
                11,
                15,
                11
            ],
            "rotation": {
                "angle": 0,
                "axis": "y",
                "origin": [
                    16,
                    15,
                    15
                ]
            },
            "faces": {
                "north": {
                    "uv": [
                        8,
                        8,
                        14,
                        9
                    ],
                    "rotation": 180,
                    "texture": "#1"
                },
                "east": {
                    "uv": [
                        13,
                        8,
                        14,
                        14
                    ],
                    "rotation": 90,
                    "texture": "#1"
                },
                "south": {
                    "uv": [
                        8,
                        13,
                        14,
                        14
                    ],
                    "texture": "#1"
                },
                "west": {
                    "uv": [
                        9,
                        8,
                        10,
                        14
                    ],
                    "rotation": 270,
                    "texture": "#1"
                },
                "up": {
                    "uv": [
                        8,
                        8,
                        14,
                        14
                    ],
                    "texture": "#1"
                },
                "down": {
                    "uv": [
                        0,
                        0,
                        0,
                        0
                    ],
                    "texture": "#1"
                }
            }
        },
        {
            "name": "horizontal",
            "from": [
                5,
                4,
                5
            ],
            "to": [
                11,
                5,
                11
            ],
            "rotation": {
                "angle": 0,
                "axis": "y",
                "origin": [
                    15,
                    18,
                    14
                ]
            },
            "faces": {
                "north": {
                    "uv": [
                        3,
                        3,
                        9,
                        4
                    ],
                    "rotation": 180,
                    "texture": "#1"
                },
                "east": {
                    "uv": [
                        3,
                        2,
                        9,
                        3
                    ],
                    "rotation": 180,
                    "texture": "#1"
                },
                "south": {
                    "uv": [
                        8,
                        3,
                        14,
                        4
                    ],
                    "texture": "#1"
                },
                "west": {
                    "uv": [
                        3,
                        3,
                        9,
                        4
                    ],
                    "rotation": 180,
                    "texture": "#1"
                },
                "up": {
                    "uv": [
                        0,
                        0,
                        6,
                        6
                    ],
                    "texture": "#1"
                },
                "down": {
                    "uv": [
                        5,
                        5,
                        11,
                        11
                    ],
                    "texture": "#1"
                }
            }
        },
        {
            "name": "horizontal",
            "from": [
                4,
                5,
                4
            ],
            "to": [
                12,
                6,
                12
            ],
            "rotation": {
                "angle": 0,
                "axis": "y",
                "origin": [
                    18,
                    13,
                    17
                ]
            },
            "faces": {
                "north": {
                    "uv": [
                        3,
                        3,
                        11,
                        4
                    ],
                    "rotation": 180,
                    "texture": "#1"
                },
                "east": {
                    "uv": [
                        4,
                        4,
                        5,
                        12
                    ],
                    "rotation": 270,
                    "texture": "#1"
                },
                "south": {
                    "uv": [
                        4,
                        13,
                        12,
                        14
                    ],
                    "texture": "#1"
                },
                "west": {
                    "uv": [
                        12,
                        4,
                        13,
                        12
                    ],
                    "rotation": 90,
                    "texture": "#1"
                },
                "up": {
                    "uv": [
                        4,
                        4,
                        12,
                        12
                    ],
                    "texture": "#1"
                },
                "down": {
                    "uv": [
                        4,
                        4,
                        12,
                        12
                    ],
                    "rotation": 270,
                    "texture": "#1"
                }
            }
        },
        {
            "name": "horizontal",
            "from": [
                3.5,
                13,
                3.5
            ],
            "to": [
                12.5,
                14,
                12.5
            ],
            "rotation": {
                "angle": 0,
                "axis": "y",
                "origin": [
                    18,
                    21,
                    17
                ]
            },
            "faces": {
                "north": {
                    "uv": [
                        7,
                        6,
                        16,
                        7
                    ],
                    "rotation": 180,
                    "texture": "#1"
                },
                "east": {
                    "uv": [
                        15,
                        7,
                        16,
                        16
                    ],
                    "rotation": 90,
                    "texture": "#1"
                },
                "south": {
                    "uv": [
                        7,
                        15,
                        16,
                        16
                    ],
                    "texture": "#1"
                },
                "west": {
                    "uv": [
                        6,
                        7,
                        7,
                        16
                    ],
                    "rotation": 270,
                    "texture": "#1"
                },
                "up": {
                    "uv": [
                        7,
                        7,
                        16,
                        16
                    ],
                    "texture": "#1"
                },
                "down": {
                    "uv": [
                        4,
                        4,
                        13,
                        13
                    ],
                    "texture": "#1"
                }
            }
        },
        {
            "name": "vertical",
            "from": [
                4.5,
                6,
                4.5
            ],
            "to": [
                5.5,
                13,
                5.5
            ],
            "rotation": {
                "angle": 0,
                "axis": "y",
                "origin": [
                    4,
                    8,
                    0
                ]
            },
            "faces": {
                "north": {
                    "uv": [
                        8,
                        4,
                        9,
                        11
                    ],
                    "rotation": 180,
                    "texture": "#0"
                },
                "east": {
                    "uv": [
                        8,
                        4,
                        9,
                        11
                    ],
                    "rotation": 180,
                    "texture": "#0"
                },
                "south": {
                    "uv": [
                        8,
                        4,
                        9,
                        11
                    ],
                    "rotation": 180,
                    "texture": "#0"
                },
                "west": {
                    "uv": [
                        8,
                        4,
                        9,
                        11
                    ],
                    "rotation": 180,
                    "texture": "#0"
                },
                "up": {
                    "uv": [
                        0,
                        0,
                        0,
                        0
                    ],
                    "texture": "#0"
                },
                "down": {
                    "uv": [
                        0,
                        0,
                        1,
                        1
                    ],
                    "texture": "#0"
                }
            }
        },
        {
            "name": "vertical",
            "from": [
                4.5,
                6,
                10.5
            ],
            "to": [
                5.5,
                13,
                11.5
            ],
            "rotation": {
                "angle": 0,
                "axis": "y",
                "origin": [
                    4,
                    8,
                    6
                ]
            },
            "faces": {
                "north": {
                    "uv": [
                        6,
                        4,
                        7,
                        11
                    ],
                    "texture": "#0"
                },
                "east": {
                    "uv": [
                        7,
                        4,
                        8,
                        11
                    ],
                    "texture": "#0"
                },
                "south": {
                    "uv": [
                        7,
                        4,
                        8,
                        11
                    ],
                    "texture": "#0"
                },
                "west": {
                    "uv": [
                        7,
                        4,
                        8,
                        11
                    ],
                    "texture": "#0"
                },
                "up": {
                    "uv": [
                        0,
                        0,
                        0,
                        0
                    ],
                    "texture": "#0"
                },
                "down": {
                    "uv": [
                        0,
                        0,
                        1,
                        1
                    ],
                    "texture": "#0"
                }
            }
        },
        {
            "name": "vertical",
            "from": [
                10.5,
                6,
                10.5
            ],
            "to": [
                11.5,
                13,
                11.5
            ],
            "rotation": {
                "angle": 0,
                "axis": "y",
                "origin": [
                    10,
                    8,
                    6
                ]
            },
            "faces": {
                "north": {
                    "uv": [
                        10,
                        4,
                        11,
                        11
                    ],
                    "rotation": 180,
                    "texture": "#0"
                },
                "east": {
                    "uv": [
                        10,
                        4,
                        11,
                        11
                    ],
                    "rotation": 180,
                    "texture": "#0"
                },
                "south": {
                    "uv": [
                        9,
                        4,
                        10,
                        11
                    ],
                    "rotation": 180,
                    "texture": "#0"
                },
                "west": {
                    "uv": [
                        10,
                        4,
                        11,
                        11
                    ],
                    "rotation": 180,
                    "texture": "#0"
                },
                "up": {
                    "uv": [
                        0,
                        0,
                        0,
                        0
                    ],
                    "texture": "#0"
                },
                "down": {
                    "uv": [
                        0,
                        0,
                        1,
                        1
                    ],
                    "texture": "#0"
                }
            }
        },
        {
            "name": "vertical",
            "from": [
                10.5,
                6,
                4.5
            ],
            "to": [
                11.5,
                13,
                5.5
            ],
            "rotation": {
                "angle": 0,
                "axis": "y",
                "origin": [
                    10,
                    8,
                    0
                ]
            },
            "faces": {
                "north": {
                    "uv": [
                        10,
                        4,
                        11,
                        11
                    ],
                    "rotation": 180,
                    "texture": "#0"
                },
                "east": {
                    "uv": [
                        11,
                        4,
                        12,
                        11
                    ],
                    "rotation": 180,
                    "texture": "#0"
                },
                "south": {
                    "uv": [
                        9,
                        4,
                        10,
                        11
                    ],
                    "rotation": 180,
                    "texture": "#0"
                },
                "west": {
                    "uv": [
                        10,
                        4,
                        11,
                        11
                    ],
                    "rotation": 180,
                    "texture": "#0"
                },
                "up": {
                    "uv": [
                        0,
                        0,
                        0,
                        0
                    ],
                    "texture": "#0"
                },
                "down": {
                    "uv": [
                        0,
                        0,
                        1,
                        1
                    ],
                    "texture": "#0"
                }
            }
        }
    ],
    "groups": [
        0,
        {
            "name": "horizontal",
            "origin": [
                18,
                21,
                17
            ],
            "children": [
                1,
                2,
                3,
                4,
                5
            ]
        },
        {
            "name": "vertical",
            "origin": [
                10,
                8,
                0
            ],
            "children": [
                6,
                7,
                8,
                9
            ]
        }
    ]
}