{
    "parent": "block/block",
    "ambientocclusion": false,
    "textures": {
        "side": "charm:block/crimson_crate_side",
        "top": "charm:block/crimson_crate_top",
        "particle": "charm:block/crimson_crate_side"
    },
    "elements": [
        {
            "from": [
                1,
                0,
                1
            ],
            "to": [
                15,
                2,
                15
            ],
            "faces": {
                "up": {
                    "uv": [
                        1,
                        1,
                        15,
                        15
                    ],
                    "texture": "top",
                    "cullface": "up"
                },
                "down": {
                    "uv": [
                        1,
                        1,
                        15,
                        15
                    ],
                    "texture": "top",
                    "cullface": "down"
                }
            }
        },
        {
            "from": [
                0,
                0,
                1
            ],
            "to": [
                1,
                16,
                16
            ],
            "faces": {
                "north": {
                    "uv": [
                        15,
                        0,
                        16,
                        16
                    ],
                    "texture": "side",
                    "cullface": "north"
                },
                "east": {
                    "uv": [
                        0,
                        0,
                        15,
                        16
                    ],
                    "texture": "side",
                    "cullface": "up"
                },
                "south": {
                    "uv": [
                        0,
                        0,
                        1,
                        16
                    ],
                    "texture": "side",
                    "cullface": "south"
                },
                "west": {
                    "uv": [
                        1,
                        0,
                        16,
                        16
                    ],
                    "texture": "side",
                    "cullface": "west"
                },
                "up": {
                    "uv": [
                        0,
                        1,
                        1,
                        16
                    ],
                    "texture": "side",
                    "cullface": "up"
                },
                "down": {
                    "uv": [
                        0,
                        0,
                        1,
                        15
                    ],
                    "texture": "side"
                }
            }
        },
        {
            "from": [
                15,
                0,
                0
            ],
            "to": [
                16,
                16,
                15
            ],
            "faces": {
                "north": {
                    "uv": [
                        0,
                        0,
                        1,
                        16
                    ],
                    "texture": "side",
                    "cullface": "north"
                },
                "east": {
                    "uv": [
                        1,
                        0,
                        16,
                        16
                    ],
                    "texture": "side",
                    "cullface": "east"
                },
                "south": {
                    "uv": [
                        15,
                        0,
                        16,
                        16
                    ],
                    "texture": "side",
                    "cullface": "south"
                },
                "west": {
                    "uv": [
                        0,
                        0,
                        15,
                        16
                    ],
                    "texture": "side",
                    "cullface": "up"
                },
                "up": {
                    "uv": [
                        15,
                        0,
                        16,
                        15
                    ],
                    "texture": "side",
                    "cullface": "up"
                },
                "down": {
                    "uv": [
                        15,
                        1,
                        16,
                        16
                    ],
                    "texture": "side"
                }
            }
        },
        {
            "from": [
                0,
                0,
                0
            ],
            "to": [
                15,
                16,
                1
            ],
            "faces": {
                "north": {
                    "uv": [
                        1,
                        0,
                        16,
                        16
                    ],
                    "texture": "side",
                    "cullface": "north"
                },
                "east": {
                    "uv": [
                        15,
                        0,
                        16,
                        16
                    ],
                    "texture": "side"
                },
                "south": {
                    "uv": [
                        0,
                        0,
                        15,
                        16
                    ],
                    "texture": "side",
                    "cullface": "up"
                },
                "west": {
                    "uv": [
                        0,
                        0,
                        1,
                        16
                    ],
                    "texture": "side"
                },
                "up": {
                    "uv": [
                        0,
                        0,
                        15,
                        1
                    ],
                    "texture": "side",
                    "cullface": "up"
                },
                "down": {
                    "uv": [
                        0,
                        15,
                        15,
                        16
                    ],
                    "texture": "side"
                }
            }
        },
        {
            "from": [
                1,
                0,
                15
            ],
            "to": [
                16,
                16,
                16
            ],
            "faces": {
                "north": {
                    "uv": [
                        0,
                        0,
                        15,
                        16
                    ],
                    "texture": "side",
                    "cullface": "up"
                },
                "east": {
                    "uv": [
                        0,
                        0,
                        1,
                        16
                    ],
                    "texture": "side"
                },
                "south": {
                    "uv": [
                        1,
                        0,
                        16,
                        16
                    ],
                    "texture": "side",
                    "cullface": "south"
                },
                "west": {
                    "uv": [
                        15,
                        0,
                        16,
                        16
                    ],
                    "texture": "side"
                },
                "up": {
                    "uv": [
                        1,
                        15,
                        16,
                        16
                    ],
                    "texture": "side",
                    "cullface": "up"
                },
                "down": {
                    "uv": [
                        1,
                        0,
                        16,
                        1
                    ],
                    "texture": "side"
                }
            }
        }
    ]
}