{
    "variants": {
        "facing=down,open=false": {
            "model": "charm:block/crimson_barrel",
            "x": 180
        },
        "facing=up,open=false": {
            "model": "charm:block/crimson_barrel"
        },
        "facing=north,open=false": {
            "model": "charm:block/crimson_barrel",
            "x": 90
        },
        "facing=south,open=false": {
            "model": "charm:block/crimson_barrel",
            "x": 90,
            "y": 180
        },
        "facing=west,open=false": {
            "model": "charm:block/crimson_barrel",
            "x": 90,
            "y": 270
        },
        "facing=east,open=false": {
            "model": "charm:block/crimson_barrel",
            "x": 90,
            "y": 90
        },
        "facing=down,open=true": {
            "model": "charm:block/crimson_barrel_open",
            "x": 180
        },
        "facing=up,open=true": {
            "model": "charm:block/crimson_barrel_open"
        },
        "facing=north,open=true": {
            "model": "charm:block/crimson_barrel_open",
            "x": 90
        },
        "facing=south,open=true": {
            "model": "charm:block/crimson_barrel_open",
            "x": 90,
            "y": 180
        },
        "facing=west,open=true": {
            "model": "charm:block/crimson_barrel_open",
            "x": 90,
            "y": 270
        },
        "facing=east,open=true": {
            "model": "charm:block/crimson_barrel_open",
            "x": 90,
            "y": 90
        }
    }
}