{
    "multipart": [
        {
            "apply": {
                "model": "charm:block/gold_bars_post_ends"
            }
        },
        {
            "when": {
                "west": "false",
                "east": "false",
                "south": "false",
                "north": "false"
            },
            "apply": {
                "model": "charm:block/gold_bars_post"
            }
        },
        {
            "when": {
                "west": "false",
                "east": "false",
                "south": "false",
                "north": "true"
            },
            "apply": {
                "model": "charm:block/gold_bars_cap"
            }
        },
        {
            "when": {
                "west": "false",
                "east": "true",
                "south": "false",
                "north": "false"
            },
            "apply": {
                "model": "charm:block/gold_bars_cap",
                "y": 90
            }
        },
        {
            "when": {
                "west": "false",
                "east": "false",
                "south": "true",
                "north": "false"
            },
            "apply": {
                "model": "charm:block/gold_bars_cap_alt"
            }
        },
        {
            "when": {
                "west": "true",
                "east": "false",
                "south": "false",
                "north": "false"
            },
            "apply": {
                "model": "charm:block/gold_bars_cap_alt",
                "y": 90
            }
        },
        {
            "when": {
                "north": "true"
            },
            "apply": {
                "model": "charm:block/gold_bars_side"
            }
        },
        {
            "when": {
                "east": "true"
            },
            "apply": {
                "model": "charm:block/gold_bars_side",
                "y": 90
            }
        },
        {
            "when": {
                "south": "true"
            },
            "apply": {
                "model": "charm:block/gold_bars_side_alt"
            }
        },
        {
            "when": {
                "west": "true"
            },
            "apply": {
                "model": "charm:block/gold_bars_side_alt",
                "y": 90
            }
        }
    ]
}