{
  "variants": {
    "facing=east,lit=false": {
      "model": "charm:block/kiln",
      "y": 90
    },
    "facing=east,lit=true": {
      "model": "charm:block/kiln_on",
      "y": 90
    },
    "facing=north,lit=false": {
      "model": "charm:block/kiln"
    },
    "facing=north,lit=true": {
      "model": "charm:block/kiln_on"
    },
    "facing=south,lit=false": {
      "model": "charm:block/kiln",
      "y": 180
    },
    "facing=south,lit=true": {
      "model": "charm:block/kiln_on",
      "y": 180
    },
    "facing=west,lit=false": {
      "model": "charm:block/kiln",
      "y": 270
    },
    "facing=west,lit=true": {
      "model": "charm:block/kiln_on",
      "y": 270
    }
  }
}