{
	"parent": "block/block",
	"textures": {
		"0": "minecraft:item/voidminers/ore_miners/tier_4/bottom",
		"1": "minecraft:item/voidminers/ore_miners/tier_4/side",
		"2": "minecraft:item/voidminers/ore_miners/tier_4/side",
		"3": "minecraft:item/voidminers/ore_miners/tier_4/side",
		"4": "minecraft:item/voidminers/ore_miners/tier_4/side",
		"5": "minecraft:item/voidminers/ore_miners/tier_4/top",
		"particle": "minecraft:item/voidminers/ore_miners/tier_4/bottom"
	},
	"elements": [
		{
			"from": [0, 0, 0],
			"to": [16, 16, 16],
			"faces": {
				"north": {"uv": [0, 0, 16, 16], "texture": "#3"},
				"east": {"uv": [0, 0, 16, 16], "texture": "#2"},
				"south": {"uv": [0, 0, 16, 16], "texture": "#3"},
				"west": {"uv": [0, 0, 16, 16], "texture": "#2"},
				"up": {"uv": [0, 0, 16, 16], "texture": "#5"},
				"down": {"uv": [0, 0, 16, 16], "texture": "#0"}
			}
		}
	]
}