{
	"credit": "Made with Blockbench",
	"textures": {
		"0": "#bottom",
		"1": "#top",
		"particle": "#bottom"
	},
	"elements": [
		{
			"name": "bottom",
			"from": [-8, 0, 6.5],
			"to": [8, 16, 9.5],
			"rotation": {"angle": 0, "axis": "y", "origin": [0, 8, 14]},
			"faces": {
				"north": {"uv": [0, 0, 16, 16], "texture": "#0"},
				"east": {"uv": [3, 0, 0, 16], "texture": "#0"},
				"south": {"uv": [16, 0, 0, 16], "texture": "#0"},
				"west": {"uv": [0, 0, 3, 16], "texture": "#0"},
				"down": {"uv": [13, 0, 16, 16], "rotation": 270, "texture": "#0"}
			}
		},
		{
			"name": "top",
			"from": [-8, 16, 6.5],
			"to": [8, 32, 9.5],
			"rotation": {"angle": 0, "axis": "y", "origin": [0, 24, 8]},
			"faces": {
				"north": {"uv": [0, 0, 16, 16], "texture": "#1"},
				"east": {"uv": [3, 0, 0, 16], "texture": "#1"},
				"south": {"uv": [16, 0, 0, 16], "texture": "#1"},
				"west": {"uv": [0, 0, 3, 16], "texture": "#1"},
				"up": {"uv": [13, 0, 16, 16], "rotation": 90, "texture": "#0"}
			}
		}
	],
	"display": {
		"thirdperson_righthand": {
			"rotation": [75, 45, 0],
			"translation": [0, 2.5, 0],
			"scale": [0.375, 0.375, 0.375]
		},
		"thirdperson_lefthand": {
			"rotation": [75, 45, 0],
			"translation": [0, 2.5, 0],
			"scale": [0.375, 0.375, 0.375]
		},
		"firstperson_righthand": {
			"rotation": [0, 45, 0],
			"scale": [0.4, 0.4, 0.4]
		},
		"firstperson_lefthand": {
			"rotation": [0, 225, 0],
			"scale": [0.4, 0.4, 0.4]
		},
		"ground": {
			"translation": [0, 3, 0],
			"scale": [0.25, 0.25, 0.25]
		},
		"gui": {
			"rotation": [30, 225, 0],
			"scale": [0.625, 0.625, 0.625]
		},
		"head": {
			"translation": [3.42, -50.87, 0],
			"scale": [2.287, 2.287, 2.287]
		},
		"fixed": {
			"scale": [0.5, 0.5, 0.5]
		}
	}
}